#,Canal,Nom,Prénom,Ville,Logements,Lien (LinkedIn/FB),Email/Téléphone,Statut,Date contact,Date inscription,Annonce live,Syndication,Candidature/Visite,Bail signé,Prochaine action,Notes
1,Réseau,,,,,,,Prospect,,,Non,Non,Non,Non,,Remplir nom + envoyer SMS
2,Réseau,,,,,,,Prospect,,,Non,Non,Non,Non,,
3,Réseau,,,,,,,Prospect,,,Non,Non,Non,Non,,
4,Réseau,,,,,,,Prospect,,,Non,Non,Non,Non,,
5,Réseau,,,,,,,Prospect,,,Non,Non,Non,Non,,
6,CORPIQ,Contact CORPIQ national,,,N/A,https://www.corpiq.com,,Prospect,,,Non,Non,Non,Non,Email partenariat + one-pager
7,CORPIQ,Section Montréal,,,N/A,,,Prospect,,,Non,Non,Non,Non,Événement ou infolettre locale
8,Facebook,Groupe propriétaires QC,,,N/A,,,Prospect,,,Non,Non,Non,Non,Post + commentaires
9,Facebook,Contact MP #1,,,,,,Prospect,,,Non,Non,Non,Non,Réponse au post BETA
10,Facebook,Contact MP #2,,,,,,Prospect,,,Non,Non,Non,Non,
